{
    "age": 34,
    "region": {
        "x": 193,
        "y": 166,
        "w": 339,
        "h": 339
    },
    "gender": "Man",
    "race": {
        "asian": 0.00019423678168095648,
        "indian": 0.0027022882932214998,
        "black": 99.99626874923706,
        "white": 1.2210153776948118e-06,
        "middle eastern": 5.848380890682847e-07,
        "latino hispanic": 0.0008353665180038661
    },
    "dominant_race": "black",
    "emotion": {
        "angry": 0.008174091388905702,
        "disgust": 0.0005021488361147456,
        "fear": 0.5243205771660117,
        "happy": 93.44378191902852,
        "sad": 5.457857718127046,
        "surprise": 0.013050828319502971,
        "neutral": 0.5523060721390162
    },
    "dominant_emotion": "happy"
}